"player_stat_id_4104","player_dbpedia_id_6007","0.9999956991841004"
"player_stat_id_4008","player_dbpedia_id_1242","0.9992898752296316"
"player_stat_id_4115","player_dbpedia_id_2564","0.9987576474014819"
"player_stat_id_3498","player_dbpedia_id_5479","0.9990645009998487"
"player_stat_id_49","player_dbpedia_id_5015","0.9999951802741969"
"player_stat_id_1627","player_dbpedia_id_5353","0.8664059562657951"
"player_stat_id_664","player_dbpedia_id_7564","0.9999963247708343"
"player_stat_id_3145","player_dbpedia_id_4189","0.8653746806105811"
"player_stat_id_3098","player_dbpedia_id_1228","0.9790728973673885"
"player_stat_id_1060","player_dbpedia_id_2383","0.9973482094473393"
"player_stat_id_3323","player_dbpedia_id_2911","0.9999976787801822"
"player_stat_id_2321","player_dbpedia_id_1277","0.9984057378272249"
"player_stat_id_756","player_dbpedia_id_2707","0.9999965424667792"
"player_stat_id_869","player_dbpedia_id_1854","0.9992111105154414"
"player_stat_id_1807","player_dbpedia_id_7814","0.999188191501853"
"player_stat_id_1845","player_dbpedia_id_2922","0.9991957662915997"
"player_stat_id_3535","player_dbpedia_id_6868","0.9799896954043926"
"player_stat_id_2162","player_dbpedia_id_6783","0.8666628318593994"
"player_stat_id_3218","player_dbpedia_id_7754","0.9992882564869886"
"player_stat_id_3668","player_dbpedia_id_5671","0.9799605435366004"
"player_stat_id_1918","player_dbpedia_id_1074","0.9997379376490705"
"player_stat_id_3668","player_dbpedia_id_5670","0.9799605435366004"
"player_stat_id_785","player_dbpedia_id_1644","0.9992983338659407"
"player_stat_id_3820","player_dbpedia_id_1375","0.9999964012159523"
"player_stat_id_4217","player_dbpedia_id_7486","0.999997481857601"
"player_stat_id_192","player_dbpedia_id_8008","0.9999954553083941"
"player_stat_id_502","player_dbpedia_id_2836","0.866057367123411"
"player_stat_id_121","player_dbpedia_id_4608","0.9999979502651395"
"player_stat_id_1035","player_dbpedia_id_363","0.9992628008151596"
"player_stat_id_2742","player_dbpedia_id_3","0.8666641485242677"
"player_stat_id_3689","player_dbpedia_id_4482","0.9999977400775171"
"player_stat_id_2981","player_dbpedia_id_6380","0.999997481857601"
"player_stat_id_715","player_dbpedia_id_4358","0.9995758141805959"
"player_stat_id_2004","player_dbpedia_id_1095","0.9999965424667792"
"player_stat_id_1193","player_dbpedia_id_3599","0.9974977880950224"
"player_stat_id_2099","player_dbpedia_id_976","0.9999964719096663"
"player_stat_id_1667","player_dbpedia_id_39","0.9988597227158819"
"player_stat_id_432","player_dbpedia_id_6101","0.8657767551523358"
"player_stat_id_4316","player_dbpedia_id_8657","0.9999958591861122"
"player_stat_id_1750","player_dbpedia_id_3064","0.999543040633655"
"player_stat_id_1060","player_dbpedia_id_5628","0.9975891741050261"
"player_stat_id_2307","player_dbpedia_id_4893","0.979949601455449"
"player_stat_id_3282","player_dbpedia_id_2623","0.9798416662216187"
"player_stat_id_1913","player_dbpedia_id_3358","0.9999952343556953"
"player_stat_id_2470","player_dbpedia_id_6094","0.9999099445151202"
"player_stat_id_698","player_dbpedia_id_6254","0.9991700239026587"
"player_stat_id_22","player_dbpedia_id_6577","0.9990048345869601"
"player_stat_id_300","player_dbpedia_id_3730","0.979378182151101"
"player_stat_id_91","player_dbpedia_id_415","0.8666622565537496"
"player_stat_id_3619","player_dbpedia_id_3312","0.8662301865914172"
"player_stat_id_1523","player_dbpedia_id_7555","0.9973536235769812"
"player_stat_id_1932","player_dbpedia_id_262","0.9992772973717665"
"player_stat_id_1192","player_dbpedia_id_7044","0.8662477802498905"
"player_stat_id_54","player_dbpedia_id_506","0.998661992427524"
"player_stat_id_263","player_dbpedia_id_6073","0.9978341018378819"
"player_stat_id_2501","player_dbpedia_id_1343","0.9995440935219077"
"player_stat_id_3246","player_dbpedia_id_3822","0.9999952761548236"
"player_stat_id_2075","player_dbpedia_id_6418","0.9997382091340278"
"player_stat_id_4350","player_dbpedia_id_8594","0.8661303138754678"
"player_stat_id_916","player_dbpedia_id_3368","0.8650036759046553"
"player_stat_id_2613","player_dbpedia_id_2303","0.9995709170395659"
"player_stat_id_3801","player_dbpedia_id_5902","0.9999964447251407"
"player_stat_id_4140","player_dbpedia_id_1274","0.9999976787801822"
"player_stat_id_983","player_dbpedia_id_6500","0.9996590360473048"
"player_stat_id_1886","player_dbpedia_id_6402","0.9999962482845492"
"player_stat_id_4382","player_dbpedia_id_8305","0.9993748785247265"
"player_stat_id_1227","player_dbpedia_id_6034","0.9991132761491756"
"player_stat_id_3535","player_dbpedia_id_2153","0.9799896954043926"
"player_stat_id_201","player_dbpedia_id_898","0.998663531283957"
"player_stat_id_750","player_dbpedia_id_1986","0.8656590193980436"
"player_stat_id_3535","player_dbpedia_id_2152","0.9799896954043926"
"player_stat_id_3648","player_dbpedia_id_8197","0.998996912920958"
"player_stat_id_1953","player_dbpedia_id_915","0.9997495575053595"
"player_stat_id_3282","player_dbpedia_id_5041","0.9798416662216187"
"player_stat_id_4401","player_dbpedia_id_4902","0.9999960813945631"
"player_stat_id_3846","player_dbpedia_id_8349","0.998264788489276"
"player_stat_id_1185","player_dbpedia_id_5991","0.9795053756877942"
"player_stat_id_3679","player_dbpedia_id_2914","0.9997117341185994"
"player_stat_id_2256","player_dbpedia_id_1199","0.9999979196888833"
"player_stat_id_4503","player_dbpedia_id_2938","0.9990639884178596"
"player_stat_id_290","player_dbpedia_id_8139","0.866663067882619"
"player_stat_id_3326","player_dbpedia_id_1955","0.9999961651927327"
"player_stat_id_2375","player_dbpedia_id_5635","0.9989997159122552"
"player_stat_id_3668","player_dbpedia_id_3354","0.9999605435366004"
"player_stat_id_3139","player_dbpedia_id_7522","0.9999952343556953"
"player_stat_id_654","player_dbpedia_id_1663","0.9999952579656728"
"player_stat_id_3100","player_dbpedia_id_1994","0.9799355618816338"
"player_stat_id_1830","player_dbpedia_id_4425","0.9999976787801822"
"player_stat_id_1439","player_dbpedia_id_1204","0.9989882939022995"
"player_stat_id_4544","player_dbpedia_id_6572","0.9997582301627667"
"player_stat_id_2600","player_dbpedia_id_5092","0.8666643454468489"
"player_stat_id_2117","player_dbpedia_id_7831","0.9980526636887787"
"player_stat_id_3098","player_dbpedia_id_3732","0.9790728973673885"
"player_stat_id_1875","player_dbpedia_id_6445","0.9999952343556953"
"player_stat_id_2970","player_dbpedia_id_3617","0.999301740704627"
"player_stat_id_1060","player_dbpedia_id_7155","0.9785530298406429"
"player_stat_id_3618","player_dbpedia_id_8372","0.9999951802741969"
"player_stat_id_615","player_dbpedia_id_2714","0.9987461236244406"
"player_stat_id_1450","player_dbpedia_id_2684","0.8657092857962638"
"player_stat_id_3692","player_dbpedia_id_2270","0.9999956353500675"
"player_stat_id_2712","player_dbpedia_id_2404","0.9989556325825586"
"player_stat_id_2382","player_dbpedia_id_1978","0.9969202949492113"
"player_stat_id_112","player_dbpedia_id_8530","0.9997462004587557"
"player_stat_id_2052","player_dbpedia_id_6458","0.8666646169318062"
"player_stat_id_335","player_dbpedia_id_699","0.9792267245898604"
"player_stat_id_4367","player_dbpedia_id_899","0.866662991437501"
"player_stat_id_2405","player_dbpedia_id_3431","0.9999957796894902"
"player_stat_id_57","player_dbpedia_id_3898","0.9999965424667792"
"player_stat_id_2390","player_dbpedia_id_6652","0.9999958000688616"
"player_stat_id_1041","player_dbpedia_id_6906","0.979448212941192"
"player_stat_id_1827","player_dbpedia_id_7937","0.9993510941564268"
"player_stat_id_1307","player_dbpedia_id_6137","0.9994848721580915"
"player_stat_id_2038","player_dbpedia_id_6737","0.8664723648691077"
"player_stat_id_895","player_dbpedia_id_1791","0.9793089113141051"
"player_stat_id_1965","player_dbpedia_id_285","0.979535385131836"
"player_stat_id_2898","player_dbpedia_id_1697","0.9999962482845492"
"player_stat_id_3668","player_dbpedia_id_4109","0.999191313241326"
"player_stat_id_31","player_dbpedia_id_5900","0.9981598463521841"
"player_stat_id_966","player_dbpedia_id_6993","0.9799605435366004"
"player_stat_id_226","player_dbpedia_id_4080","0.9993349583974963"
"player_stat_id_2131","player_dbpedia_id_1979","0.9954142937820085"
"player_stat_id_3401","player_dbpedia_id_3283","0.9997324326787871"
"player_stat_id_556","player_dbpedia_id_7219","0.9999958799540272"
"player_stat_id_1193","player_dbpedia_id_1138","0.9974977880950224"
"player_stat_id_613","player_dbpedia_id_716","0.9999978075009244"
"player_stat_id_538","player_dbpedia_id_7898","0.9999958000688616"
"player_stat_id_53","player_dbpedia_id_8300","0.8666642697971867"
"player_stat_id_1110","player_dbpedia_id_7465","0.9998156131555257"
"player_stat_id_672","player_dbpedia_id_7774","0.9997310128183835"
"player_stat_id_274","player_dbpedia_id_2248","0.979047999572754"
"player_stat_id_3098","player_dbpedia_id_7593","0.9790728973673885"
"player_stat_id_2891","player_dbpedia_id_512","0.9994973547732324"
"player_stat_id_300","player_dbpedia_id_1226","0.979378182151101"
"player_stat_id_275","player_dbpedia_id_8394","0.8666622565537496"
"player_stat_id_4522","player_dbpedia_id_2830","0.8661209085719354"
"player_stat_id_300","player_dbpedia_id_1224","0.979378182151101"
"player_stat_id_4257","player_dbpedia_id_5018","0.9799966841916372"
"player_stat_id_2270","player_dbpedia_id_1090","0.9996200482701055"
"player_stat_id_3270","player_dbpedia_id_7740","0.9997320771473993"
"player_stat_id_814","player_dbpedia_id_3379","0.999755768538645"
"player_stat_id_1454","player_dbpedia_id_1589","0.9999964012159523"
"player_stat_id_4189","player_dbpedia_id_4754","0.998691588990087"
"player_stat_id_2911","player_dbpedia_id_2846","0.8649454480224766"
"player_stat_id_1921","player_dbpedia_id_4477","0.8666624059058284"
"player_stat_id_3526","player_dbpedia_id_5420","0.999996733196332"
"player_stat_id_3097","player_dbpedia_id_5036","0.9993707844460546"
"player_stat_id_2852","player_dbpedia_id_1207","0.9990841953735884"
"player_stat_id_1659","player_dbpedia_id_5225","0.8665724686074642"
"player_stat_id_3668","player_dbpedia_id_5674","0.9799605435366004"
"player_stat_id_2437","player_dbpedia_id_1282","0.9994535229363741"
"player_stat_id_2319","player_dbpedia_id_8106","0.9999956991841004"
"player_stat_id_1842","player_dbpedia_id_5634","0.9997557081137649"
"player_stat_id_3376","player_dbpedia_id_3068","0.9999956991841004"
"player_stat_id_1291","player_dbpedia_id_5845","0.9974554871476548"
"player_stat_id_3036","player_dbpedia_id_4713","0.9997143438535327"
"player_stat_id_2444","player_dbpedia_id_590","0.998146869975926"
"player_stat_id_4103","player_dbpedia_id_8676","0.9997447848611162"
"player_stat_id_1980","player_dbpedia_id_6856","0.9999959907260693"
"player_stat_id_2169","player_dbpedia_id_265","0.8664059753454065"
"player_stat_id_4549","player_dbpedia_id_5325","0.9978808656479049"
"player_stat_id_4102","player_dbpedia_id_2524","0.9796108101509714"
"player_stat_id_2375","player_dbpedia_id_3265","0.9989997159122552"
"player_stat_id_1410","player_dbpedia_id_6797","0.866661901022362"
"player_stat_id_118","player_dbpedia_id_3711","0.9992786896727925"
"player_stat_id_1700","player_dbpedia_id_5531","0.999666089970331"
"player_stat_id_3147","player_dbpedia_id_937","0.8661511214189646"
"player_stat_id_4209","player_dbpedia_id_4960","0.9993083403495947"
"player_stat_id_2292","player_dbpedia_id_7083","0.9999979502651395"
"player_stat_id_173","player_dbpedia_id_3550","0.9999964719096663"
"player_stat_id_1314","player_dbpedia_id_8315","0.9999977400775171"
"player_stat_id_2942","player_dbpedia_id_1858","0.9996146029974753"
"player_stat_id_3467","player_dbpedia_id_2602","0.999546427368157"
"player_stat_id_944","player_dbpedia_id_4445","0.999997329100127"
"player_stat_id_327","player_dbpedia_id_413","0.9999959907260693"
"player_stat_id_2539","player_dbpedia_id_5619","0.9999964719096663"
"player_stat_id_4336","player_dbpedia_id_3756","0.9995674554062848"
"player_stat_id_1824","player_dbpedia_id_7954","0.9999978380770859"
"player_stat_id_2879","player_dbpedia_id_3980","0.86640549143739"
"player_stat_id_3100","player_dbpedia_id_7538","0.9799355618816338"
"player_stat_id_1873","player_dbpedia_id_6484","0.9974335785492988"
"player_stat_id_87","player_dbpedia_id_6115","0.8664779877904127"
"player_stat_id_592","player_dbpedia_id_5965","0.9999979784572991"
"player_stat_id_3668","player_dbpedia_id_818","0.9799605435366004"
"player_stat_id_3837","player_dbpedia_id_3601","0.9998019168711261"
"player_stat_id_260","player_dbpedia_id_6232","0.9988245203779962"
"player_stat_id_3668","player_dbpedia_id_4140","0.9799605435366004"
"player_stat_id_970","player_dbpedia_id_1535","0.9995340213286164"
"player_stat_id_112","player_dbpedia_id_4670","0.9997462004587557"
"player_stat_id_3668","player_dbpedia_id_4142","0.9799605435366004"
"player_stat_id_3790","player_dbpedia_id_5352","0.8651880809293679"
"player_stat_id_2292","player_dbpedia_id_3952","0.9999979502651395"
"player_stat_id_482","player_dbpedia_id_1012","0.8654128525325621"
"player_stat_id_2441","player_dbpedia_id_5917","0.9994996877745392"
"player_stat_id_1436","player_dbpedia_id_2586","0.9997408116155686"
"player_stat_id_2463","player_dbpedia_id_7253","0.999997481857601"
"player_stat_id_282","player_dbpedia_id_2513","0.9997393904838896"
"player_stat_id_1383","player_dbpedia_id_3838","0.9995259554620661"
"player_stat_id_1349","player_dbpedia_id_3564","0.9976432960198529"
"player_stat_id_687","player_dbpedia_id_3536","0.9999957796894902"
"player_stat_id_2854","player_dbpedia_id_5840","0.9995974195001918"
"player_stat_id_2713","player_dbpedia_id_2573","0.9799126443095592"
"player_stat_id_2253","player_dbpedia_id_5363","0.99831278053929"
"player_stat_id_1965","player_dbpedia_id_1797","0.979535385131836"
"player_stat_id_285","player_dbpedia_id_777","0.9997607878922066"
"player_stat_id_1965","player_dbpedia_id_1796","0.979535385131836"
"player_stat_id_3237","player_dbpedia_id_3108","0.8666644409663866"
"player_stat_id_2713","player_dbpedia_id_2572","0.9799126443095592"
"player_stat_id_423","player_dbpedia_id_2454","0.9997284340327911"
"player_stat_id_1030","player_dbpedia_id_8678","0.9999010006874952"
"player_stat_id_1658","player_dbpedia_id_8080","0.9999958000688616"
"player_stat_id_20","player_dbpedia_id_2915","0.998995890952948"
"player_stat_id_1233","player_dbpedia_id_1037","0.9997819430553487"
"player_stat_id_3668","player_dbpedia_id_4139","0.9799605435366004"
"player_stat_id_220","player_dbpedia_id_367","0.9973617830831485"
"player_stat_id_2957","player_dbpedia_id_6787","0.8664192367805755"
"player_stat_id_331","player_dbpedia_id_212","0.9992599576237412"
"player_stat_id_2476","player_dbpedia_id_1361","0.9999955898870829"
"player_stat_id_3285","player_dbpedia_id_4604","0.998922525818771"
"player_stat_id_2537","player_dbpedia_id_7567","0.999164063379341"
"player_stat_id_3668","player_dbpedia_id_1626","0.9799605435366004"
"player_stat_id_4021","player_dbpedia_id_636","0.999459291854051"
"player_stat_id_2408","player_dbpedia_id_2757","0.9997310741157184"
"player_stat_id_4202","player_dbpedia_id_4750","0.8659882562514937"
"player_stat_id_3311","player_dbpedia_id_996","0.9975813299055304"
"player_stat_id_1297","player_dbpedia_id_4963","0.998374642553949"
"player_stat_id_1911","player_dbpedia_id_4397","0.9999955898870829"
"player_stat_id_1269","player_dbpedia_id_2755","0.9992177887904992"
"player_stat_id_2355","player_dbpedia_id_5456","0.9997940917272468"
"player_stat_id_1957","player_dbpedia_id_1770","0.9987268189354679"
"player_stat_id_1041","player_dbpedia_id_8434","0.979448212941192"
"player_stat_id_274","player_dbpedia_id_644","0.979047999572754"
"player_stat_id_1191","player_dbpedia_id_1484","0.9999963247708343"
"player_stat_id_4092","player_dbpedia_id_4251","0.9988327775950959"
"player_stat_id_4400","player_dbpedia_id_3136","0.9999977742997199"
"player_stat_id_3480","player_dbpedia_id_2026","0.9997425528596886"
"player_stat_id_3471","player_dbpedia_id_8047","0.9987302469591594"
"player_stat_id_3082","player_dbpedia_id_3451","0.999996733196332"
"player_stat_id_1662","player_dbpedia_id_5544","0.8662550536679277"
"player_stat_id_2290","player_dbpedia_id_5248","0.9999042387317838"
"player_stat_id_1856","player_dbpedia_id_2842","0.9999961651927327"
"player_stat_id_3267","player_dbpedia_id_6771","0.9999976787801822"
"player_stat_id_1062","player_dbpedia_id_6012","0.9997558738611627"
"player_stat_id_895","player_dbpedia_id_3479","0.9793089113141051"
"player_stat_id_3098","player_dbpedia_id_6810","0.9790728973673885"
"player_stat_id_1400","player_dbpedia_id_3127","0.9993768198339548"
"player_stat_id_2218","player_dbpedia_id_1590","0.9992020248886366"
"player_stat_id_1677","player_dbpedia_id_6502","0.9999962482845492"
"player_stat_id_1240","player_dbpedia_id_4523","0.9995324038437692"
"player_stat_id_2876","player_dbpedia_id_3334","0.999164063379341"
"player_stat_id_2768","player_dbpedia_id_4781","0.9994636472088011"
"player_stat_id_2672","player_dbpedia_id_6382","0.9999957796894902"
"player_stat_id_2458","player_dbpedia_id_3637","0.8666641485242677"
"player_stat_id_274","player_dbpedia_id_3840","0.979047999572754"
"player_stat_id_4353","player_dbpedia_id_2398","0.8662856361601321"
"player_stat_id_2131","player_dbpedia_id_2803","0.9954142937820085"
"player_stat_id_1995","player_dbpedia_id_1097","0.9999961651927327"
"player_stat_id_300","player_dbpedia_id_3694","0.979378182151101"
"player_stat_id_895","player_dbpedia_id_1060","0.9793089113141051"
"player_stat_id_263","player_dbpedia_id_3722","0.9978341018378819"
"player_stat_id_1592","player_dbpedia_id_5957","0.8666644067441838"
"player_stat_id_159","player_dbpedia_id_7699","0.9999960813945631"
"player_stat_id_2898","player_dbpedia_id_5738","0.9999962482845492"
"player_stat_id_309","player_dbpedia_id_2338","0.9994636472088011"
"player_stat_id_3610","player_dbpedia_id_8437","0.9999958000688616"
"player_stat_id_816","player_dbpedia_id_8508","0.9989503324480298"
"player_stat_id_615","player_dbpedia_id_1088","0.9987461236244406"
"player_stat_id_274","player_dbpedia_id_8520","0.979047999572754"
"player_stat_id_3683","player_dbpedia_id_2869","0.9989230987216541"
"player_stat_id_1797","player_dbpedia_id_6890","0.9994636472088011"
"player_stat_id_1508","player_dbpedia_id_394","0.8664160005469091"
"player_stat_id_1896","player_dbpedia_id_147","0.9997507643758754"
"player_stat_id_1894","player_dbpedia_id_4433","0.9994731199132562"
"player_stat_id_1381","player_dbpedia_id_8677","0.9999962955458992"
"player_stat_id_3963","player_dbpedia_id_7431","0.9999952343556953"
"player_stat_id_1751","player_dbpedia_id_2006","0.999996733196332"
"player_stat_id_3535","player_dbpedia_id_5341","0.9799896954043926"
"player_stat_id_2085","player_dbpedia_id_2154","0.9797765258016203"
"player_stat_id_2136","player_dbpedia_id_5333","0.999837813323071"
"player_stat_id_1787","player_dbpedia_id_5317","0.9999958000688616"
"player_stat_id_274","player_dbpedia_id_3839","0.979047999572754"
"player_stat_id_4324","player_dbpedia_id_8475","0.999603104594372"
"player_stat_id_2389","player_dbpedia_id_6682","0.9995468130180565"
"player_stat_id_2116","player_dbpedia_id_5224","0.9999965137204447"
"player_stat_id_2768","player_dbpedia_id_4780","0.9994636472088011"
"player_stat_id_3303","player_dbpedia_id_7557","0.9999958591861122"
"player_stat_id_871","player_dbpedia_id_7829","0.9999952343556953"
"player_stat_id_2141","player_dbpedia_id_856","0.9999957611778718"
"player_stat_id_1200","player_dbpedia_id_4737","0.9999168277951973"
"player_stat_id_3098","player_dbpedia_id_6809","0.9790728973673885"
"player_stat_id_2481","player_dbpedia_id_4136","0.9799935486496136"
"player_stat_id_2922","player_dbpedia_id_2072","0.896650301171126"
"player_stat_id_1171","player_dbpedia_id_2566","0.8666621219750608"
"player_stat_id_2844","player_dbpedia_id_8109","0.9999958000688616"
"player_stat_id_4195","player_dbpedia_id_6004","0.9999963247708343"
"player_stat_id_2598","player_dbpedia_id_8423","0.999164063379341"
"player_stat_id_194","player_dbpedia_id_548","0.9989080914678321"
"player_stat_id_2834","player_dbpedia_id_1387","0.9983081607607618"
"player_stat_id_4513","player_dbpedia_id_2287","0.9791723583190423"
"player_stat_id_3770","player_dbpedia_id_1885","0.9994689199391033"
"player_stat_id_331","player_dbpedia_id_5828","0.9992599576237412"
"player_stat_id_3104","player_dbpedia_id_197","0.9994533670097219"
"player_stat_id_966","player_dbpedia_id_3912","0.9799605435366004"
"player_stat_id_2509","player_dbpedia_id_8110","0.9990033083141898"
"player_stat_id_895","player_dbpedia_id_6643","0.9793089113141051"
"player_stat_id_3801","player_dbpedia_id_3540","0.9999964447251407"
"player_stat_id_1101","player_dbpedia_id_1128","0.9999958000688616"
"player_stat_id_2022","player_dbpedia_id_2092","0.9999960106447748"
"player_stat_id_966","player_dbpedia_id_3079","0.9799605435366004"
"player_stat_id_1060","player_dbpedia_id_6387","0.9785530298406429"
"player_stat_id_3872","player_dbpedia_id_4949","0.9973430413372519"
"player_stat_id_2114","player_dbpedia_id_4163","0.999996672771452"
"player_stat_id_2379","player_dbpedia_id_8630","0.9995685936050883"
"player_stat_id_1060","player_dbpedia_id_771","0.9785530298406429"
"player_stat_id_2630","player_dbpedia_id_4607","0.9976116081999895"
"player_stat_id_1568","player_dbpedia_id_5739","0.9993857297191248"
"player_stat_id_2347","player_dbpedia_id_1303","0.9999076029353464"
"player_stat_id_920","player_dbpedia_id_3821","0.9999951802741969"
"player_stat_id_1209","player_dbpedia_id_127","0.9997527709756944"
"player_stat_id_2073","player_dbpedia_id_6526","0.9799541048889095"
"player_stat_id_4513","player_dbpedia_id_3158","0.9791723583190423"
"player_stat_id_1785","player_dbpedia_id_1918","0.9997186063906034"
"player_stat_id_2073","player_dbpedia_id_191","0.9799541048889095"
"player_stat_id_2529","player_dbpedia_id_3425","0.97993406526335"
"player_stat_id_2529","player_dbpedia_id_3426","0.97993406526335"
"player_stat_id_688","player_dbpedia_id_7049","0.9999950999945898"
"player_stat_id_1537","player_dbpedia_id_3377","0.9996805468911865"
"player_stat_id_4033","player_dbpedia_id_1495","0.999465693931296"
"player_stat_id_4482","player_dbpedia_id_7125","0.9999977400775171"
"player_stat_id_885","player_dbpedia_id_4222","0.9782854681905871"
"player_stat_id_3108","player_dbpedia_id_2921","0.9999952343556953"
"player_stat_id_3668","player_dbpedia_id_6481","0.9799605435366004"
"player_stat_id_3497","player_dbpedia_id_7606","0.9997274076103383"
"player_stat_id_1015","player_dbpedia_id_695","0.9993571314240363"
"player_stat_id_2558","player_dbpedia_id_5927","0.9999963095153981"
"player_stat_id_173","player_dbpedia_id_7443","0.9999964719096663"
"player_stat_id_4102","player_dbpedia_id_7273","0.9796108101509714"
"player_stat_id_2804","player_dbpedia_id_7806","0.9999955898870829"
"player_stat_id_2835","player_dbpedia_id_4648","0.999752499420195"
"player_stat_id_3668","player_dbpedia_id_878","0.9799605435366004"
"player_stat_id_4392","player_dbpedia_id_5060","0.999997481857601"
"player_stat_id_4456","player_dbpedia_id_2110","0.9994841917196022"
"player_stat_id_3258","player_dbpedia_id_4305","0.9997708311972962"
"player_stat_id_2994","player_dbpedia_id_4416","0.9988222001359116"
"player_stat_id_4014","player_dbpedia_id_3755","0.998737957347307"
"player_stat_id_958","player_dbpedia_id_6548","0.9999964012159523"
"player_stat_id_2455","player_dbpedia_id_3710","0.9991266005151586"
"player_stat_id_1292","player_dbpedia_id_4083","0.9997425337800769"
"player_stat_id_2194","player_dbpedia_id_7972","0.999808651047566"
"player_stat_id_1646","player_dbpedia_id_2012","0.9999967938683006"
"player_stat_id_3065","player_dbpedia_id_7078","0.8651485760597591"
"player_stat_id_1060","player_dbpedia_id_1579","0.9785530298406429"
"player_stat_id_3246","player_dbpedia_id_2172","0.9999952761548236"
"player_stat_id_3941","player_dbpedia_id_3643","0.9999960813945631"
"player_stat_id_2806","player_dbpedia_id_5527","0.998630728009632"
"player_stat_id_4110","player_dbpedia_id_324","0.9999122014513281"
"player_stat_id_192","player_dbpedia_id_1684","0.9999954553083941"
"player_stat_id_3280","player_dbpedia_id_2134","0.9997216180058173"
"player_stat_id_274","player_dbpedia_id_4709","0.979047999572754"
"player_stat_id_1350","player_dbpedia_id_4509","0.999725318717239"
"player_stat_id_438","player_dbpedia_id_2377","0.9982280692321347"
"player_stat_id_2510","player_dbpedia_id_6197","0.9985435807169889"
"player_stat_id_15","player_dbpedia_id_7939","0.9999963247708343"
"player_stat_id_480","player_dbpedia_id_7150","0.9983294550967858"
"player_stat_id_108","player_dbpedia_id_8223","0.9995882959008984"
"player_stat_id_3086","player_dbpedia_id_7159","0.9999963247708343"
"player_stat_id_274","player_dbpedia_id_3883","0.979047999572754"
"player_stat_id_601","player_dbpedia_id_5586","0.9999053452865163"
"player_stat_id_274","player_dbpedia_id_3886","0.979047999572754"
"player_stat_id_1173","player_dbpedia_id_779","0.998580959262569"
"player_stat_id_4345","player_dbpedia_id_7152","0.9983513132227709"
"player_stat_id_3725","player_dbpedia_id_3858","0.9999959907260693"
"player_stat_id_4329","player_dbpedia_id_6803","0.9995527708754196"
"player_stat_id_1805","player_dbpedia_id_5252","0.9994782175000607"
"player_stat_id_66","player_dbpedia_id_5727","0.9997551167368761"
"player_stat_id_1965","player_dbpedia_id_4255","0.9989256284446137"
"player_stat_id_3791","player_dbpedia_id_4039","0.9982660306438862"
"player_stat_id_1245","player_dbpedia_id_4731","0.9999979502651395"
"player_stat_id_2292","player_dbpedia_id_3175","0.9999979502651395"
"player_stat_id_4198","player_dbpedia_id_5014","0.9993200435134362"
"player_stat_id_4159","player_dbpedia_id_5909","0.9986721555375543"
"player_stat_id_2343","player_dbpedia_id_897","0.9999962320250271"
"player_stat_id_2989","player_dbpedia_id_2495","0.9999964012159523"
"player_stat_id_895","player_dbpedia_id_1821","0.9793089113141051"
"player_stat_id_3896","player_dbpedia_id_7445","0.9992553282415053"
"player_stat_id_1383","player_dbpedia_id_3037","0.9995259554620661"
"player_stat_id_2367","player_dbpedia_id_1418","0.8666622565537496"
"player_stat_id_2883","player_dbpedia_id_3391","0.9986257449762423"
"player_stat_id_1082","player_dbpedia_id_5289","0.9992643522309171"
"player_stat_id_895","player_dbpedia_id_5832","0.9793089113141051"
"player_stat_id_885","player_dbpedia_id_3424","0.9782854681905871"
"player_stat_id_3098","player_dbpedia_id_5310","0.9790728973673885"
"player_stat_id_2635","player_dbpedia_id_6887","0.9999956991841004"
"player_stat_id_3083","player_dbpedia_id_5418","0.8666617666612565"
"player_stat_id_1041","player_dbpedia_id_5376","0.979448212941192"
"player_stat_id_2578","player_dbpedia_id_1645","0.9997362495949575"
"player_stat_id_1506","player_dbpedia_id_5846","0.9997425337800769"
"player_stat_id_1372","player_dbpedia_id_7737","0.9996780578960047"
"player_stat_id_1657","player_dbpedia_id_5736","0.9999963095153981"
"player_stat_id_946","player_dbpedia_id_4962","0.9995610081711231"
"player_stat_id_1310","player_dbpedia_id_4563","0.9997234338673657"
"player_stat_id_2440","player_dbpedia_id_8614","0.9998152928831461"
"player_stat_id_771","player_dbpedia_id_2373","0.9997088597387367"
"player_stat_id_3159","player_dbpedia_id_5511","0.9994636472088011"
"player_stat_id_2771","player_dbpedia_id_7855","0.9988887887521672"
"player_stat_id_274","player_dbpedia_id_5482","0.979047999572754"
"player_stat_id_3251","player_dbpedia_id_7051","0.999543040633655"
"player_stat_id_1852","player_dbpedia_id_4987","0.9999976787801822"
"player_stat_id_3052","player_dbpedia_id_6861","0.9999964012159523"
"player_stat_id_4102","player_dbpedia_id_6506","0.9796108101509714"
"player_stat_id_2781","player_dbpedia_id_7999","0.9990913600214657"
"player_stat_id_1067","player_dbpedia_id_7430","0.9987310208128191"
"player_stat_id_505","player_dbpedia_id_5844","0.99999533319219"
"player_stat_id_3482","player_dbpedia_id_5700","0.9999979196888833"
"player_stat_id_1484","player_dbpedia_id_6759","0.9796533338758682"
"player_stat_id_2856","player_dbpedia_id_4448","0.9983866875410099"
"player_stat_id_1595","player_dbpedia_id_2024","0.866662657392736"
"player_stat_id_298","player_dbpedia_id_8605","0.999588387001261"
"player_stat_id_2125","player_dbpedia_id_5179","0.9992967366846379"
"player_stat_id_4447","player_dbpedia_id_2011","0.9999963247708343"
"player_stat_id_558","player_dbpedia_id_2269","0.9999956991841004"
"player_stat_id_2498","player_dbpedia_id_2899","0.9999944876627291"
"player_stat_id_3009","player_dbpedia_id_8392","0.999997481857601"
"player_stat_id_4513","player_dbpedia_id_1499","0.9791723583190423"
"player_stat_id_671","player_dbpedia_id_2496","0.9999950999945898"
"player_stat_id_3668","player_dbpedia_id_4918","0.9799605435366004"
"player_stat_id_4244","player_dbpedia_id_8082","0.9995945509538687"
"player_stat_id_476","player_dbpedia_id_6524","0.9992980787718915"
"player_stat_id_966","player_dbpedia_id_4708","0.9799605435366004"
"player_stat_id_754","player_dbpedia_id_452","0.9999958000688616"
"player_stat_id_4319","player_dbpedia_id_3375","0.999996672771452"
"player_stat_id_321","player_dbpedia_id_6853","0.9992336759512856"
"player_stat_id_1055","player_dbpedia_id_7560","0.9999974057486315"
"player_stat_id_3668","player_dbpedia_id_4911","0.9799605435366004"
"player_stat_id_3874","player_dbpedia_id_2984","0.9790947361996301"
"player_stat_id_753","player_dbpedia_id_5822","0.9983192245815077"
"player_stat_id_3358","player_dbpedia_id_3667","0.9999952343556953"
"player_stat_id_3857","player_dbpedia_id_6348","0.9999949128745674"
"player_stat_id_3967","player_dbpedia_id_6677","0.9975488175193367"
"player_stat_id_2409","player_dbpedia_id_5226","0.9999955898870829"
"player_stat_id_183","player_dbpedia_id_6592","0.9999976787801822"
"player_stat_id_92","player_dbpedia_id_6779","0.8666628318593994"
"player_stat_id_3473","player_dbpedia_id_8495","0.9999964719096663"
"player_stat_id_2991","player_dbpedia_id_4556","0.9995192104001316"
"player_stat_id_1671","player_dbpedia_id_8269","0.8661303138754678"
"player_stat_id_546","player_dbpedia_id_226","0.9997425337800769"
"player_stat_id_4224","player_dbpedia_id_3167","0.9991333531303119"
"player_stat_id_24","player_dbpedia_id_6097","0.9988103039088689"
"player_stat_id_2916","player_dbpedia_id_5813","0.9982587054805345"
"player_stat_id_41","player_dbpedia_id_4458","0.9992350094146117"
"player_stat_id_3050","player_dbpedia_id_2284","0.9995928812942313"
"player_stat_id_2861","player_dbpedia_id_4558","0.9999149608786999"
"player_stat_id_1734","player_dbpedia_id_8111","0.9999950169953338"
"player_stat_id_3704","player_dbpedia_id_5329","0.8656633633748003"
"player_stat_id_4051","player_dbpedia_id_37","0.9987570846807512"
"player_stat_id_4301","player_dbpedia_id_8051","0.8664046043157372"
"player_stat_id_242","player_dbpedia_id_4349","0.9973871360790574"
"player_stat_id_3709","player_dbpedia_id_1855","0.9999952343556953"
"player_stat_id_2328","player_dbpedia_id_7694","0.9997197031527557"
"player_stat_id_1247","player_dbpedia_id_3262","0.9997459913831284"
"player_stat_id_3394","player_dbpedia_id_7047","0.9999956991841004"
"player_stat_id_3828","player_dbpedia_id_2804","0.9999979784572991"
"player_stat_id_1697","player_dbpedia_id_295","0.9997459913831284"
"player_stat_id_4498","player_dbpedia_id_3392","0.9997783602656178"
"player_stat_id_4102","player_dbpedia_id_4233","0.9981473949807693"
"player_stat_id_1185","player_dbpedia_id_7534","0.9795053756877942"
"player_stat_id_1060","player_dbpedia_id_4044","0.9973482094473393"
"player_stat_id_2308","player_dbpedia_id_2813","0.9994636472088011"
"player_stat_id_1185","player_dbpedia_id_7535","0.9795053756877942"
"player_stat_id_2656","player_dbpedia_id_2059","0.9999956991841004"
"player_stat_id_1167","player_dbpedia_id_7558","0.8666622565537496"
"player_stat_id_1060","player_dbpedia_id_4043","0.9973482094473393"
"player_stat_id_1989","player_dbpedia_id_3673","0.9989682806399198"
"player_stat_id_2461","player_dbpedia_id_7521","0.9999946867804382"
"player_stat_id_1793","player_dbpedia_id_6090","0.9999956550234441"
"player_stat_id_335","player_dbpedia_id_2289","0.9792267245898604"
"player_stat_id_966","player_dbpedia_id_1452","0.9799605435366004"
"player_stat_id_2495","player_dbpedia_id_7335","0.9999955898870829"
"player_stat_id_622","player_dbpedia_id_6181","0.9999958000688616"
"player_stat_id_3683","player_dbpedia_id_1223","0.9989230987216541"
"player_stat_id_334","player_dbpedia_id_1076","0.999888585704539"
"player_stat_id_3874","player_dbpedia_id_5372","0.9790947361996301"
"player_stat_id_901","player_dbpedia_id_1694","0.9999963247708343"
"player_stat_id_30","player_dbpedia_id_2498","0.9999976787801822"
"player_stat_id_1604","player_dbpedia_id_8105","0.9999966346947691"
"player_stat_id_821","player_dbpedia_id_434","0.999552241462594"
"player_stat_id_3252","player_dbpedia_id_4415","0.9997347930568435"
"player_stat_id_1838","player_dbpedia_id_4821","0.9995074737137037"
"player_stat_id_2713","player_dbpedia_id_8075","0.9799126443095592"
"player_stat_id_2713","player_dbpedia_id_8074","0.9799126443095592"
"player_stat_id_507","player_dbpedia_id_4666","0.9999976787801822"
"player_stat_id_1081","player_dbpedia_id_6275","0.8666628318593994"
"player_stat_id_1105","player_dbpedia_id_5793","0.9999979502651395"
"player_stat_id_2270","player_dbpedia_id_7448","0.9996200482701055"
"player_stat_id_1398","player_dbpedia_id_717","0.9997490763217625"
"player_stat_id_2539","player_dbpedia_id_4038","0.9999964719096663"
"player_stat_id_2106","player_dbpedia_id_6014","0.9997613906327893"
"player_stat_id_988","player_dbpedia_id_493","0.9996668872756282"
"player_stat_id_596","player_dbpedia_id_1916","0.9999958591861122"
"player_stat_id_300","player_dbpedia_id_2064","0.979378182151101"
"player_stat_id_2531","player_dbpedia_id_978","0.9975567263423333"
"player_stat_id_2868","player_dbpedia_id_5306","0.9986994613670566"
"player_stat_id_895","player_dbpedia_id_3460","0.9793089113141051"
"player_stat_id_988","player_dbpedia_id_1289","0.9996668872756282"
"player_stat_id_2713","player_dbpedia_id_177","0.9799126443095592"
"player_stat_id_300","player_dbpedia_id_4484","0.979378182151101"
"player_stat_id_3690","player_dbpedia_id_5286","0.997470410423003"
"player_stat_id_2338","player_dbpedia_id_5221","0.9969187713375931"
"player_stat_id_964","player_dbpedia_id_786","0.9988001565693243"
"player_stat_id_1504","player_dbpedia_id_2393","0.9997429997887094"
"player_stat_id_4104","player_dbpedia_id_1198","0.9999956991841004"
"player_stat_id_2713","player_dbpedia_id_8071","0.9799126443095592"
"player_stat_id_1902","player_dbpedia_id_6018","0.9980164869271401"
"player_stat_id_2825","player_dbpedia_id_2465","0.999590011244612"
"player_stat_id_895","player_dbpedia_id_8141","0.9963089116895674"
"player_stat_id_1507","player_dbpedia_id_4540","0.9997492001393032"
"player_stat_id_2178","player_dbpedia_id_7332","0.9994415189867267"
"player_stat_id_2966","player_dbpedia_id_6750","0.9998232610558622"
"player_stat_id_4194","player_dbpedia_id_2828","0.9983049722181404"
"player_stat_id_3979","player_dbpedia_id_3954","0.866661901022362"
"player_stat_id_4332","player_dbpedia_id_1962","0.9999977400775171"
"player_stat_id_531","player_dbpedia_id_1391","0.8666631113918074"
"player_stat_id_3932","player_dbpedia_id_4164","0.99890492314917"
"player_stat_id_747","player_dbpedia_id_368","0.9994535229363741"
"player_stat_id_641","player_dbpedia_id_5815","0.8666643454468489"
"player_stat_id_1185","player_dbpedia_id_5227","0.9795053756877942"
"player_stat_id_966","player_dbpedia_id_8540","0.9799605435366004"
"player_stat_id_2307","player_dbpedia_id_6480","0.979949601455449"
"player_stat_id_4005","player_dbpedia_id_1899","0.866663138576333"
"player_stat_id_3240","player_dbpedia_id_7264","0.9981558600610128"
"player_stat_id_4083","player_dbpedia_id_5","0.9999976787801822"
"player_stat_id_2481","player_dbpedia_id_7221","0.9799935486496136"
"player_stat_id_3983","player_dbpedia_id_1980","0.8666643454468489"
"player_stat_id_3668","player_dbpedia_id_2434","0.9799605435366004"
"player_stat_id_2322","player_dbpedia_id_7888","0.9984206738982778"
"player_stat_id_3801","player_dbpedia_id_298","0.9999964447251407"
"player_stat_id_895","player_dbpedia_id_5890","0.9793089113141051"
"player_stat_id_3943","player_dbpedia_id_5244","0.866662657392736"
"player_stat_id_2734","player_dbpedia_id_7861","0.9987285144795129"
"player_stat_id_2733","player_dbpedia_id_6784","0.9999121903395976"
"player_stat_id_3668","player_dbpedia_id_7247","0.9799605435366004"
"player_stat_id_3668","player_dbpedia_id_2433","0.9799605435366004"
"player_stat_id_3142","player_dbpedia_id_349","0.9992545092936285"
"player_stat_id_3668","player_dbpedia_id_2432","0.9799605435366004"
"player_stat_id_3468","player_dbpedia_id_259","0.9993598110261803"
"player_stat_id_1349","player_dbpedia_id_1921","0.9976432960198529"
"player_stat_id_1249","player_dbpedia_id_3360","0.9990426191295971"
"player_stat_id_1769","player_dbpedia_id_1014","0.8663988198140573"
"player_stat_id_3311","player_dbpedia_id_5028","0.9975813299055304"
"player_stat_id_2892","player_dbpedia_id_2283","0.9997553601131474"
"player_stat_id_704","player_dbpedia_id_5039","0.9999964719096663"
"player_stat_id_3050","player_dbpedia_id_7845","0.9995928812942313"
"player_stat_id_146","player_dbpedia_id_981","0.9992444625497575"
"player_stat_id_2683","player_dbpedia_id_977","0.9985681294264364"
"player_stat_id_3309","player_dbpedia_id_6123","0.9999952343556953"
"player_stat_id_1878","player_dbpedia_id_8011","0.999997329100127"
"player_stat_id_1001","player_dbpedia_id_6351","0.9991918747284645"
"player_stat_id_3246","player_dbpedia_id_4634","0.9999952761548236"
"player_stat_id_1984","player_dbpedia_id_4077","0.999997481857601"
"player_stat_id_1001","player_dbpedia_id_6354","0.9991918747284645"
"player_stat_id_3931","player_dbpedia_id_391","0.9995192104001316"
"player_stat_id_89","player_dbpedia_id_6879","0.8661468485553547"
"player_stat_id_1672","player_dbpedia_id_8352","0.9994380644056422"
"player_stat_id_895","player_dbpedia_id_8123","0.9793089113141051"
"player_stat_id_1391","player_dbpedia_id_6352","0.9999955898870829"
"player_stat_id_4360","player_dbpedia_id_1923","0.999227435745676"
"player_stat_id_242","player_dbpedia_id_1902","0.9973871360790574"
"player_stat_id_1502","player_dbpedia_id_3567","0.8666646169318062"
"player_stat_id_4266","player_dbpedia_id_6205","0.9999956991841004"
"player_stat_id_351","player_dbpedia_id_7951","0.9991552491012649"
"player_stat_id_3090","player_dbpedia_id_2271","0.9985681294264364"
"player_stat_id_1185","player_dbpedia_id_1993","0.9795053756877942"
"player_stat_id_4521","player_dbpedia_id_6916","0.8665707284742601"
"player_stat_id_3125","player_dbpedia_id_3690","0.9999960813945631"
"player_stat_id_4510","player_dbpedia_id_6940","0.9999956991841004"
"player_stat_id_895","player_dbpedia_id_233","0.9793089113141051"
"player_stat_id_3070","player_dbpedia_id_4449","0.9999955898870829"
"player_stat_id_716","player_dbpedia_id_7587","0.9997357141772824"
"player_stat_id_1210","player_dbpedia_id_1092","0.9997552836268623"
"player_stat_id_1086","player_dbpedia_id_8599","0.9997524229750768"
"player_stat_id_3271","player_dbpedia_id_7148","0.9999979196888833"
"player_stat_id_2529","player_dbpedia_id_5771","0.97993406526335"
"player_stat_id_666","player_dbpedia_id_7260","0.9999206568304093"
"player_stat_id_1907","player_dbpedia_id_8319","0.9983381553574159"
"player_stat_id_310","player_dbpedia_id_2086","0.9999963259303446"
"player_stat_id_1413","player_dbpedia_id_7130","0.9993918667781836"
"player_stat_id_974","player_dbpedia_id_1682","0.9999956991841004"
"player_stat_id_2236","player_dbpedia_id_2569","0.8656649635891228"
"player_stat_id_2934","player_dbpedia_id_1276","0.9999976787801822"
"player_stat_id_4308","player_dbpedia_id_5432","0.9998989135968384"
"player_stat_id_1757","player_dbpedia_id_3570","0.9999950999945898"
"player_stat_id_157","player_dbpedia_id_7531","0.9997524229750768"
"player_stat_id_3525","player_dbpedia_id_7161","0.9999963247708343"
"player_stat_id_4132","player_dbpedia_id_4564","0.999520119845981"
"player_stat_id_4122","player_dbpedia_id_5129","0.9978927821306798"
"player_stat_id_2699","player_dbpedia_id_2023","0.9990975834936487"
"player_stat_id_775","player_dbpedia_id_7229","0.9999977400775171"
"player_stat_id_4131","player_dbpedia_id_1073","0.9999955898870829"
"player_stat_id_475","player_dbpedia_id_4037","0.8666639274810176"
"player_stat_id_895","player_dbpedia_id_2640","0.9793089113141051"
"player_stat_id_902","player_dbpedia_id_5825","0.9999965137204447"
"player_stat_id_1173","player_dbpedia_id_3268","0.998580959262569"
"player_stat_id_3668","player_dbpedia_id_5707","0.9799605435366004"
"player_stat_id_3098","player_dbpedia_id_2873","0.9790728973673885"
"player_stat_id_1053","player_dbpedia_id_4342","0.9995211768573998"
"player_stat_id_2622","player_dbpedia_id_6331","0.9987330371443459"
"player_stat_id_989","player_dbpedia_id_1683","0.9999964719096663"
"player_stat_id_2510","player_dbpedia_id_3826","0.9985435807169889"
"player_stat_id_2553","player_dbpedia_id_8195","0.9995549115387741"
"player_stat_id_966","player_dbpedia_id_4679","0.9799605435366004"
"player_stat_id_543","player_dbpedia_id_554","0.9999959907260693"
"player_stat_id_717","player_dbpedia_id_2243","0.9999952343556953"
"player_stat_id_1455","player_dbpedia_id_6423","0.9997347930568435"
"player_stat_id_4076","player_dbpedia_id_5430","0.9997399916309804"
"player_stat_id_657","player_dbpedia_id_89","0.9999952343556953"
"player_stat_id_784","player_dbpedia_id_8561","0.9999976787801822"
"player_stat_id_4102","player_dbpedia_id_4167","0.9796108101509714"
"player_stat_id_518","player_dbpedia_id_7365","0.866137461540557"
"player_stat_id_4141","player_dbpedia_id_266","0.9999956353500675"
"player_stat_id_2077","player_dbpedia_id_1574","0.866663138576333"
"player_stat_id_2286","player_dbpedia_id_7045","0.9999961651927327"
"player_stat_id_277","player_dbpedia_id_4456","0.9987954741588778"
"player_stat_id_451","player_dbpedia_id_2703","0.9997818948596418"
"player_stat_id_310","player_dbpedia_id_2940","0.9999963259303446"
"player_stat_id_989","player_dbpedia_id_879","0.9999964719096663"
"player_stat_id_2045","player_dbpedia_id_3473","0.8661722981378258"
"player_stat_id_3082","player_dbpedia_id_1773","0.999996733196332"
"player_stat_id_4474","player_dbpedia_id_2716","0.9989768278625539"
"player_stat_id_3082","player_dbpedia_id_980","0.999996733196332"
"player_stat_id_3254","player_dbpedia_id_4838","0.9995017138427221"
"player_stat_id_3273","player_dbpedia_id_7124","0.9999950999945898"
"player_stat_id_2990","player_dbpedia_id_5364","0.9987371717898463"
"player_stat_id_3059","player_dbpedia_id_6686","0.9980074522418861"
"player_stat_id_1965","player_dbpedia_id_3461","0.979535385131836"
"player_stat_id_2990","player_dbpedia_id_5360","0.9987371717898463"
"player_stat_id_712","player_dbpedia_id_2246","0.8666641485242677"
"player_stat_id_1965","player_dbpedia_id_3462","0.979535385131836"
"player_stat_id_3143","player_dbpedia_id_1485","0.9999977400775171"
"player_stat_id_2713","player_dbpedia_id_6542","0.9799126443095592"
"player_stat_id_3016","player_dbpedia_id_1220","0.998768075851414"
"player_stat_id_2074","player_dbpedia_id_2514","0.8645050394185453"
"player_stat_id_3640","player_dbpedia_id_1378","0.9999947810405674"
"player_stat_id_2571","player_dbpedia_id_6882","0.8662798136478185"
"player_stat_id_678","player_dbpedia_id_7249","0.9993530934989044"
"player_stat_id_2071","player_dbpedia_id_2775","0.8664249732745515"
"player_stat_id_2989","player_dbpedia_id_4145","0.9999964012159523"
"player_stat_id_822","player_dbpedia_id_2107","0.9992002016056984"
"player_stat_id_2923","player_dbpedia_id_697","0.9999955898870829"
"player_stat_id_2713","player_dbpedia_id_948","0.9799126443095592"
"player_stat_id_2969","player_dbpedia_id_1883","0.9999961651927327"
"player_stat_id_2453","player_dbpedia_id_2919","0.9999977400775171"
"player_stat_id_2942","player_dbpedia_id_2673","0.9996146029974753"
"player_stat_id_1901","player_dbpedia_id_8374","0.9995253073110815"
"player_stat_id_4039","player_dbpedia_id_1196","0.9991200936950453"
"player_stat_id_690","player_dbpedia_id_1616","0.9987558255869575"
"player_stat_id_3957","player_dbpedia_id_8048","0.9997413304925451"
"player_stat_id_3595","player_dbpedia_id_7333","0.9999963247708343"
"player_stat_id_1645","player_dbpedia_id_4847","0.9997463254278934"
"player_stat_id_1887","player_dbpedia_id_7583","0.9999979502651395"
"player_stat_id_1589","player_dbpedia_id_4396","0.9983299643732648"
"player_stat_id_575","player_dbpedia_id_5201","0.9999961329252717"
"player_stat_id_4135","player_dbpedia_id_1096","0.9993246918093308"
"player_stat_id_218","player_dbpedia_id_6485","0.9999964719096663"
"player_stat_id_471","player_dbpedia_id_607","0.998692610068987"
"player_stat_id_3618","player_dbpedia_id_2901","0.9999951802741969"
"player_stat_id_2763","player_dbpedia_id_4054","0.9976247659766704"
"player_stat_id_4056","player_dbpedia_id_3149","0.9994365441622386"
"player_stat_id_1218","player_dbpedia_id_8628","0.9999974941410494"
"player_stat_id_1452","player_dbpedia_id_1608","0.9984716593426314"
"player_stat_id_1770","player_dbpedia_id_1483","0.9999960813945631"
"player_stat_id_1028","player_dbpedia_id_2008","0.9999948442327846"
"player_stat_id_3441","player_dbpedia_id_4642","0.86666294636098"
"player_stat_id_4104","player_dbpedia_id_7559","0.9999956991841004"
"player_stat_id_1647","player_dbpedia_id_7252","0.8666622565537496"
"player_stat_id_4528","player_dbpedia_id_424","0.9965518954424589"
"player_stat_id_2706","player_dbpedia_id_2827","0.9999958000688616"
"player_stat_id_163","player_dbpedia_id_3286","0.9999145807898545"
"player_stat_id_4286","player_dbpedia_id_4427","0.9997308158958023"
"player_stat_id_702","player_dbpedia_id_5620","0.9999955898870829"
"player_stat_id_2884","player_dbpedia_id_7696","0.9989903293554965"
"player_stat_id_3668","player_dbpedia_id_4878","0.9799605435366004"
"player_stat_id_179","player_dbpedia_id_7739","0.9993312512641486"
"player_stat_id_1636","player_dbpedia_id_753","0.9990492133083492"
"player_stat_id_1191","player_dbpedia_id_3133","0.9999963247708343"
"player_stat_id_1074","player_dbpedia_id_6751","0.9999976787801822"
"player_stat_id_3018","player_dbpedia_id_1206","0.9997525701139088"
"player_stat_id_381","player_dbpedia_id_5786","0.9997393086787398"
"player_stat_id_3876","player_dbpedia_id_4340","0.9999948442327846"
"player_stat_id_274","player_dbpedia_id_6971","0.979047999572754"
"player_stat_id_3518","player_dbpedia_id_1130","0.9995367307139733"
"player_stat_id_1014","player_dbpedia_id_8175","0.9986013125657118"
"player_stat_id_2307","player_dbpedia_id_3353","0.9994367807451465"
"player_stat_id_3310","player_dbpedia_id_1287","0.9997495575053595"
"player_stat_id_3535","player_dbpedia_id_4610","0.9799896954043926"
"player_stat_id_3097","player_dbpedia_id_6580","0.9993707844460546"
"player_stat_id_3032","player_dbpedia_id_1618","0.9996663218001631"
"player_stat_id_1484","player_dbpedia_id_2819","0.9796533338758682"
"player_stat_id_806","player_dbpedia_id_1173","0.9994213336293779"
"player_stat_id_2270","player_dbpedia_id_8215","0.9996200482701055"
"player_stat_id_2449","player_dbpedia_id_3359","0.9999979502651395"
"player_stat_id_2481","player_dbpedia_id_8002","0.9799935486496136"
"player_stat_id_3375","player_dbpedia_id_7580","0.999739180302111"
"player_stat_id_1657","player_dbpedia_id_895","0.9999963095153981"
"player_stat_id_867","player_dbpedia_id_674","0.8666624667355283"
"player_stat_id_1334","player_dbpedia_id_609","0.9983950705542329"
"player_stat_id_3724","player_dbpedia_id_5512","0.999997481857601"
"player_stat_id_1484","player_dbpedia_id_1995","0.9796533338758682"
"player_stat_id_3973","player_dbpedia_id_903","0.9969836264601596"
"player_stat_id_3403","player_dbpedia_id_2379","0.9970476483319624"
"player_stat_id_554","player_dbpedia_id_2980","0.9991026144747666"
"player_stat_id_2677","player_dbpedia_id_2057","0.9994782593756565"
"player_stat_id_419","player_dbpedia_id_7458","0.9999961651927327"
"player_stat_id_3668","player_dbpedia_id_8005","0.9799605435366004"
"player_stat_id_3668","player_dbpedia_id_8004","0.9799605435366004"
"player_stat_id_745","player_dbpedia_id_4824","0.8666617666612565"
"player_stat_id_251","player_dbpedia_id_5555","0.9991456984026751"
"player_stat_id_3668","player_dbpedia_id_3322","0.9799605435366004"
"player_stat_id_1628","player_dbpedia_id_8444","0.9999959907260693"
"player_stat_id_3668","player_dbpedia_id_110","0.9799605435366004"
"player_stat_id_3668","player_dbpedia_id_8006","0.9799605435366004"
"player_stat_id_253","player_dbpedia_id_171","0.99973599810805"
"player_stat_id_2178","player_dbpedia_id_8108","0.9994415189867267"
"player_stat_id_2411","player_dbpedia_id_6770","0.9999963247708343"
"player_stat_id_806","player_dbpedia_id_383","0.9799546671549481"
"player_stat_id_3878","player_dbpedia_id_4446","0.9999964012159523"
"player_stat_id_1886","player_dbpedia_id_4846","0.9999962482845492"
"player_stat_id_1641","player_dbpedia_id_6102","0.8664217834035428"
"player_stat_id_1665","player_dbpedia_id_8413","0.9987424272018286"
"player_stat_id_237","player_dbpedia_id_7631","0.9999959907260693"
"player_stat_id_3132","player_dbpedia_id_507","0.999997481857601"
"player_stat_id_1817","player_dbpedia_id_439","0.9998028616173362"
"player_stat_id_530","player_dbpedia_id_6252","0.866663067882619"
"player_stat_id_2521","player_dbpedia_id_1884","0.9967243866193605"
"player_stat_id_1060","player_dbpedia_id_3250","0.9975891741050261"
"player_stat_id_4291","player_dbpedia_id_7605","0.9999955898870829"
"player_stat_id_2187","player_dbpedia_id_5901","0.9995192104001316"
"player_stat_id_4252","player_dbpedia_id_2706","0.9999963247708343"
"player_stat_id_705","player_dbpedia_id_4887","0.9999976787801822"
"player_stat_id_1836","player_dbpedia_id_8224","0.9988155118533144"
"player_stat_id_735","player_dbpedia_id_7483","0.999997481857601"
"player_stat_id_3169","player_dbpedia_id_5112","0.9990033083141898"
"player_stat_id_1796","player_dbpedia_id_6117","0.9997325419758043"
"player_stat_id_4102","player_dbpedia_id_6551","0.9796108101509714"
"player_stat_id_1777","player_dbpedia_id_5151","0.9983767200608334"
"player_stat_id_331","player_dbpedia_id_2615","0.9992599576237412"
"player_stat_id_3059","player_dbpedia_id_2735","0.9980074522418861"
"player_stat_id_52","player_dbpedia_id_5134","0.9992542864038491"
"player_stat_id_1388","player_dbpedia_id_6781","0.9983968247186997"
"player_stat_id_3668","player_dbpedia_id_2493","0.9799605435366004"
"player_stat_id_128","player_dbpedia_id_6653","0.9986115142260883"
"player_stat_id_989","player_dbpedia_id_7251","0.9999964719096663"
"player_stat_id_300","player_dbpedia_id_2871","0.979378182151101"
"player_stat_id_1041","player_dbpedia_id_2165","0.979448212941192"
"player_stat_id_110","player_dbpedia_id_2802","0.9999964012159523"
"player_stat_id_3880","player_dbpedia_id_6714","0.9999978075009244"
"player_stat_id_2340","player_dbpedia_id_3477","0.9988955021894143"
"player_stat_id_868","player_dbpedia_id_8447","0.9999952343556953"
"player_stat_id_1184","player_dbpedia_id_396","0.999470875198138"
"player_stat_id_1439","player_dbpedia_id_7562","0.9989882939022995"
"player_stat_id_1668","player_dbpedia_id_3708","0.8666625258527789"
"player_stat_id_3249","player_dbpedia_id_785","0.9997553601131474"
"player_stat_id_2383","player_dbpedia_id_1295","0.9999956991841004"
"player_stat_id_2636","player_dbpedia_id_1619","0.9997460820516222"
"player_stat_id_1800","player_dbpedia_id_5987","0.8666623658507671"
"player_stat_id_3668","player_dbpedia_id_2489","0.9799605435366004"
"player_stat_id_2593","player_dbpedia_id_4699","0.9999958000688616"
"player_stat_id_2450","player_dbpedia_id_5524","0.999508682138113"
"player_stat_id_806","player_dbpedia_id_1143","0.9799546671549481"
"player_stat_id_300","player_dbpedia_id_5272","0.979378182151101"
"player_stat_id_806","player_dbpedia_id_351","0.9799546671549481"
"player_stat_id_2415","player_dbpedia_id_2078","0.9999954078208962"
"player_stat_id_1016","player_dbpedia_id_8081","0.9986710767052187"
"player_stat_id_2226","player_dbpedia_id_7061","0.9983299643732648"
"player_stat_id_1536","player_dbpedia_id_1680","0.9999959368804218"
"player_stat_id_2648","player_dbpedia_id_5328","0.999996733196332"
"player_stat_id_4184","player_dbpedia_id_297","0.9999950999945898"
"player_stat_id_1185","player_dbpedia_id_4437","0.9795053756877942"
"player_stat_id_2346","player_dbpedia_id_5781","0.9999004969630801"
"player_stat_id_2235","player_dbpedia_id_111","0.9999950999945898"
"player_stat_id_106","player_dbpedia_id_7747","0.9983438104006784"
"player_stat_id_1356","player_dbpedia_id_813","0.866662657392736"
"player_stat_id_4102","player_dbpedia_id_960","0.9796108101509714"
"player_stat_id_895","player_dbpedia_id_7366","0.9793089113141051"
"player_stat_id_498","player_dbpedia_id_2807","0.9995723933216405"
"player_stat_id_1977","player_dbpedia_id_3661","0.8662097073003217"
"player_stat_id_2592","player_dbpedia_id_7924","0.999997481857601"
"player_stat_id_1484","player_dbpedia_id_2820","0.9796533338758682"
"player_stat_id_3683","player_dbpedia_id_3687","0.9989230987216541"
"player_stat_id_3100","player_dbpedia_id_8309","0.9799355618816338"
"player_stat_id_3938","player_dbpedia_id_7857","0.9997307397868328"
"player_stat_id_2954","player_dbpedia_id_5035","0.9997461658497918"
"player_stat_id_578","player_dbpedia_id_7529","0.9992454697817837"
